,name,release_date,director(s),main_actors/actresses,average_rating_score,number_of_rating_people,brief_introduction
0,The Shawshank Redemption (1994),26 October 1995 (Hong Kong),Frank Darabont,Tim Robbins/Morgan Freeman/Bob Gunton,9.3,"2,014,034","Two imprisoned men bond over a number of years, finding solace and eventual redemption through acts of common decency."
0,The Godfather (1972),11 October 1973 (Hong Kong),Francis Ford Coppola,Marlon Brando/Al Pacino/James Caan,9.2,"1,380,001",The aging patriarch of an organized crime dynasty transfers control of his clandestine empire to his reluctant son.
0,The Godfather: Part II (1974),6 November 1975 (Hong Kong),Francis Ford Coppola,Al Pacino/Robert De Niro/Robert Duvall,9.0,"955,547","The early life and career of Vito Corleone in 1920s New York City is portrayed, while his son, Michael, expands and tightens his grip on the family crime syndicate."
0,The Dark Knight (2008),17 July 2008 (Hong Kong),Christopher Nolan,Christian Bale/Heath Ledger/Aaron Eckhart,9.0,"1,982,504","When the menace known as the Joker emerges from his mysterious past, he wreaks havoc and chaos on the people of Gotham. The Dark Knight must accept one of the greatest psychological and physical tests of his ability to fight injustice."
0,12 Angry Men (1957),April 1957 (USA),Sidney Lumet,Henry Fonda/Lee J. Cobb/Martin Balsam,8.9,"564,639",A jury holdout attempts to prevent a miscarriage of justice by forcing his colleagues to reconsider the evidence.
0,Schindler's List (1993),17 March 1994 (Hong Kong),Steven Spielberg,Liam Neeson/Ralph Fiennes/Ben Kingsley,8.9,"1,039,634","In German-occupied Poland during World War II, Oskar Schindler gradually becomes concerned for his Jewish workforce after witnessing their persecution by the Nazi Germans."
0,The Lord of the Rings: The Return of the King (2003),12 March 2004 (China),Peter Jackson,Elijah Wood/Viggo Mortensen/Ian McKellen,8.9,"1,433,561",Gandalf and Aragorn lead the World of Men against Sauron's army to draw his gaze from Frodo and Sam as they approach Mount Doom with the One Ring.
0,Pulp Fiction (1994),23 March 1995 (Hong Kong),Quentin Tarantino,John Travolta/Uma Thurman/Samuel L. Jackson,8.9,"1,572,139","The lives of two mob hitmen, a boxer, a gangster's wife, and a pair of diner bandits intertwine in four tales of violence and redemption."
0,"Il buono, il brutto, il cattivo (1966)",13 June 1968 (Hong Kong),Sergio Leone,Clint Eastwood/Eli Wallach/Lee Van Cleef,8.9,"596,877",A bounty hunting scam joins two men in an uneasy alliance against a third in a race to find a fortune in gold buried in a remote cemetery.
0,Fight Club (1999),11 November 1999 (Hong Kong),David Fincher,Brad Pitt/Edward Norton/Meat Loaf,8.8,"1,611,376","An insomniac office worker and a devil-may-care soapmaker form an underground fight club that evolves into something much, much more."
0,The Lord of the Rings: The Fellowship of the Ring (2001),31 January 2002 (Hong Kong),Peter Jackson,Elijah Wood/Ian McKellen/Orlando Bloom,8.8,"1,450,200",A meek Hobbit from the Shire and eight companions set out on a journey to destroy the powerful One Ring and save Middle-earth from the Dark Lord Sauron.
0,Forrest Gump (1994),15 December 1994 (Hong Kong),Robert Zemeckis,Tom Hanks/Robin Wright/Gary Sinise,8.8,"1,534,290","The presidencies of Kennedy and Johnson, Vietnam, Watergate, and other history unfold through the perspective of an Alabama man with an IQ of 75."
0,Star Wars: Episode V - The Empire Strikes Back (1980),8 August 1980 (Hong Kong),Irvin Kershner,Mark Hamill/Harrison Ford/Carrie Fisher,8.8,"1,011,331","After the rebels are brutally overpowered by the Empire on the ice planet Hoth, Luke Skywalker begins Jedi training with Yoda, while his friends are pursued by Darth Vader."
0,Inception (2010),1 September 2010 (China),Christopher Nolan,Leonardo DiCaprio/Joseph Gordon-Levitt/Ellen Page,8.8,"1,762,447",A thief who steals corporate secrets through the use of dream-sharing technology is given the inverse task of planting an idea into the mind of a CEO.
0,The Lord of the Rings: The Two Towers (2002),26 April 2003 (China),Peter Jackson,Elijah Wood/Ian McKellen/Viggo Mortensen,8.7,"1,295,889","While Frodo and Sam edge closer to Mordor with the help of the shifty Gollum, the divided fellowship makes a stand against Sauron's new ally, Saruman, and his hordes of Isengard."
0,One Flew Over the Cuckoo's Nest (1975),10 June 1976 (Hong Kong),Milos Forman,Jack Nicholson/Louise Fletcher/Will Sampson,8.7,"799,916",A criminal pleads insanity after getting into trouble again and once in the mental institution rebels against the oppressive nurse and rallies up the scared patients.
0,Goodfellas (1990),1 November 1990 (Hong Kong),Martin Scorsese,Robert De Niro/Ray Liotta/Joe Pesci,8.7,"867,893","The story of Henry Hill and his life in the mob, covering his relationship with his wife Karen Hill and his mob partners Jimmy Conway and Tommy DeVito in the Italian-American crime syndicate."
0,The Matrix (1999),31 March 1999 (USA),Lana Wachowski/Lilly Wachowski,Keanu Reeves/Laurence Fishburne/Carrie-Anne Moss,8.7,"1,444,906",A computer hacker learns from mysterious rebels about the true nature of his reality and his role in the war against its controllers.
0,Shichinin no samurai (1954),26 April 1954 (Japan),Akira Kurosawa,Toshir? Mifune/Takashi Shimura/Keiko Tsushima,8.7,"272,622",A poor village under attack by bandits recruits seven unemployed samurai to help them defend themselves.
0,Cidade de Deus (2002),8 May 2003 (Hong Kong),Fernando Meirelles/K¨¢tia Lund,Alexandre Rodrigues/Leandro Firmino/Matheus Nachtergaele,8.6,"622,219","In the slums of Rio, two kids' paths diverge as one struggles to become a photographer and the other a kingpin."
0,Se7en (1995),22 September 1995 (USA),David Fincher,Morgan Freeman/Brad Pitt/Kevin Spacey,8.6,"1,231,029","Two detectives, a rookie and a veteran, hunt a serial killer who uses the seven deadly sins as his motives."
0,Star Wars (1977),26 January 1978 (Hong Kong),George Lucas,Mark Hamill/Harrison Ford/Carrie Fisher,8.6,"1,081,554","Luke Skywalker joins forces with a Jedi Knight, a cocky pilot, a Wookiee and two droids to save the galaxy from the Empire's world-destroying battle station, while also attempting to rescue Princess Leia from the evil Darth Vader."
0,The Silence of the Lambs (1991),10 May 1991 (Hong Kong),Jonathan Demme,Jodie Foster/Anthony Hopkins/Lawrence A. Bonney,8.6,"1,080,601","A young FBI cadet must receive the help of an incarcerated and manipulative cannibal killer to help catch another serial killer, a madman who skins his victims."
0,It's a Wonderful Life (1946),6 October 1949 (Hong Kong),Frank Capra,James Stewart/Donna Reed/Lionel Barrymore,8.6,"338,206",An angel is sent from Heaven to help a desperately frustrated businessman by showing him what life would have been like if he had never existed.
0,La vita ¨¨ bella (1997),4 March 1999 (Hong Kong),Roberto Benigni,Roberto Benigni/Nicoletta Braschi/Giorgio Cantarini,8.6,"526,311","When an open-minded Jewish librarian and his son become victims of the Holocaust, he uses a perfect mixture of will, humor, and imagination to protect his son from the dangers around their camp."
0,The Usual Suspects (1995),15 September 1995 (USA),Bryan Singer,Kevin Spacey/Gabriel Byrne/Chazz Palminteri,8.6,"874,030","A sole survivor tells of the twisty events leading up to a horrific gun battle on a boat, which began when five criminals met at a seemingly random police lineup."
0,Sen to Chihiro no kamikakushi (2001),13 December 2001 (Hong Kong),Hayao Miyazaki/Kirk Wise,Daveigh Chase/Suzanne Pleshette/Miyu Irino,8.6,"529,793","During her family's move to the suburbs, a sullen 10-year-old girl wanders into a world ruled by gods, witches, and spirits, and where humans are changed into beasts."
0,Saving Private Ryan (1998),24 July 1998 (USA),Steven Spielberg,Tom Hanks/Matt Damon/Tom Sizemore,8.6,"1,061,523","Following the Normandy Landings, a group of U.S. soldiers go behind enemy lines to retrieve a paratrooper whose brothers have been killed in action."
0,L¨¦on (1994),14 September 1994 (France),Luc Besson,Jean Reno/Gary Oldman/Natalie Portman,8.6,"883,347","Mathilda, a 12-year-old girl, is reluctantly taken in by L¨¦on, a professional assassin, after her family is murdered. L¨¦on and Mathilda form an unusual relationship, as she becomes his prot¨¦g¨¦e and learns the assassin's trade."
0,The Green Mile (1999),9 March 2000 (Hong Kong),Frank Darabont,Tom Hanks/Michael Clarke Duncan/David Morse,8.5,"964,163","The lives of guards on Death Row are affected by one of their charges: a black man accused of child murder and rape, yet who has a mysterious gift."
0,Interstellar (2014),12 November 2014 (China),Christopher Nolan,Matthew McConaughey/Anne Hathaway/Jessica Chastain,8.6,"1,225,282",A team of explorers travel through a wormhole in space in an attempt to ensure humanity's survival.
0,Psycho (1960),12 January 1961 (Hong Kong),Alfred Hitchcock,Anthony Perkins/Janet Leigh/Vera Miles,8.5,"513,739","A Phoenix secretary embezzles $40,000 from her employer's client, goes on the run, and checks into a remote motel run by a young man under the domination of his mother."
0,American History X (1998),20 November 1998 (USA),Tony Kaye,Edward Norton/Edward Furlong/Beverly D'Angelo,8.5,"918,361",A former neo-nazi skinhead tries to prevent his younger brother from going down the same wrong path that he did.
0,City Lights (1931),3 October 1940 (Hong Kong),Charles Chaplin,Charles Chaplin/Virginia Cherrill/Florence Lee,8.5,"139,121","With the aid of a wealthy erratic tippler, a dewy-eyed tramp who has fallen in love with a sightless flower girl accumulates money to be able to help her medically."
0,Once Upon a Time in the West (1968),25 September 1969 (Hong Kong),Sergio Leone,Henry Fonda/Charles Bronson/Claudia Cardinale,8.5,"260,875",A mysterious stranger with a harmonica joins forces with a notorious desperado to protect a beautiful widow from a ruthless assassin working for the railroad.
0,Casablanca (1942),7 July 1943 (China),Michael Curtiz,Humphrey Bogart/Ingrid Bergman/Paul Henreid,8.5,"458,901",A cynical nightclub owner protects an old flame and her husband from Nazis in Morocco.
0,Modern Times (1936),7 May 1937 (Hong Kong),Charles Chaplin,Charles Chaplin/Paulette Goddard/Henry Bergman,8.5,"180,818",The Tramp struggles to live in modern industrial society with the help of a young homeless woman.
0,The Intouchables (2011),6 September 2012 (Hong Kong),Olivier Nakache/?ric Toledano,Fran?ois Cluzet/Omar Sy/Anne Le Ny,8.5,"641,527","After he becomes a quadriplegic from a paragliding accident, an aristocrat hires a young man from the projects to be his caregiver."
0,The Pianist (2002),20 March 2003 (Hong Kong),Roman Polanski,Adrien Brody/Thomas Kretschmann/Frank Finlay,8.5,"611,567",A Polish Jewish musician struggles to survive the destruction of the Warsaw ghetto of World War II.
0,The Departed (2006),6 October 2006 (Hong Kong),Martin Scorsese,Leonardo DiCaprio/Matt Damon/Jack Nicholson,8.5,"1,035,358",An undercover cop and a mole in the police attempt to identify each other while infiltrating an Irish gang in South Boston.
0,Terminator 2: Judgment Day (1991),1 August 1991 (Hong Kong),James Cameron,Arnold Schwarzenegger/Linda Hamilton/Edward Furlong,8.5,"873,447","A cyborg, identical to the one who failed to kill Sarah Connor, must now protect her teenage son, John Connor, from a more advanced and powerful cyborg."
0,Back to the Future (1985),14 December 1985 (Hong Kong),Robert Zemeckis,Michael J. Fox/Christopher Lloyd/Lea Thompson,8.5,"892,064","Marty McFly, a 17-year-old high school student, is accidentally sent thirty years into the past in a time-traveling DeLorean invented by his close friend, the maverick scientist Doc Brown."
0,Whiplash (2014),16 October 2014 (Hong Kong),Damien Chazelle,Miles Teller/J.K. Simmons/Melissa Benoist,8.5,"578,117",A promising young drummer enrolls at a cut-throat music conservatory where his dreams of greatness are mentored by an instructor who will stop at nothing to realize a student's potential.
0,Rear Window (1954),30 June 1955 (Hong Kong),Alfred Hitchcock,James Stewart/Grace Kelly/Wendell Corey,8.5,"382,558",A wheelchair-bound photographer spies on his neighbors from his apartment window and becomes convinced one of them has committed murder.
0,Raiders of the Lost Ark (1981),11 December 1987 (China),Steven Spielberg,Harrison Ford/Karen Allen/Paul Freeman,8.5,"779,582","In 1936, archaeologist and adventurer Indiana Jones is hired by the U.S. government to find the Ark of the Covenant before Adolf Hitler's Nazis can obtain its awesome powers."
0,Gladiator (2000),25 May 2000 (Hong Kong),Ridley Scott,Russell Crowe/Joaquin Phoenix/Connie Nielsen,8.5,"1,164,052",A former Roman General sets out to exact vengeance against the corrupt emperor who murdered his family and sent him into slavery.
0,The Lion King (1994),15 July 1995 (China),Roger Allers/Rob Minkoff,Matthew Broderick/Jeremy Irons/James Earl Jones,8.5,"793,741","A Lion cub crown prince is tricked by a treacherous uncle into thinking he caused his father's death and flees into exile in despair, only to learn in adulthood his identity and his responsibilities."
0,The Prestige (2006),26 October 2006 (Hong Kong),Christopher Nolan,Christian Bale/Hugh Jackman/Scarlett Johansson,8.5,"1,023,674","After a tragic accident, two stage magicians engage in a battle to create the ultimate illusion while sacrificing everything they have to outwit each other."
0,Apocalypse Now (1979),27 March 1980 (Hong Kong),Francis Ford Coppola,Martin Sheen/Marlon Brando/Robert Duvall,8.5,"528,044","During the Vietnam War, Captain Willard is sent on a dangerous mission into Cambodia to assassinate a renegade Colonel who has set himself up as a god among a local tribe."
0,Memento (2000),11 October 2001 (Hong Kong),Christopher Nolan,Guy Pearce/Carrie-Anne Moss/Joe Pantoliano,8.5,"998,211",A man with short-term memory loss attempts to track down his wife's murderer.
0,Avengers: Infinity War (2018),11 May 2018 (China),Anthony Russo/Joe Russo,Robert Downey Jr./Chris Hemsworth/Mark Ruffalo,8.6,"519,124",The Avengers and their allies must be willing to sacrifice all in an attempt to defeat the powerful Thanos before his blitz of devastation and ruin puts an end to the universe.
0,Alien (1979),14 November 1979 (Hong Kong),Ridley Scott,Sigourney Weaver/Tom Skerritt/John Hurt,8.5,"687,045","After a space merchant vessel perceives an unknown transmission as a distress call, its landing on the source moon finds one of the crew attacked by a mysterious lifeform, and they soon realize that its life cycle has merely begun."
0,The Great Dictator (1940),27 March 1947 (Hong Kong),Charles Chaplin,Charles Chaplin/Paulette Goddard/Jack Oakie,8.5,"172,275",Dictator Adenoid Hynkel tries to expand his empire while a poor Jewish barber tries to avoid persecution from Hynkel's regime.
0,Nuovo Cinema Paradiso (1988),18 January 1990 (Hong Kong),Giuseppe Tornatore,Philippe Noiret/Enzo Cannavale/Antonella Attili,8.5,"191,624",A filmmaker recalls his childhood when falling in love with the pictures at the cinema of his home village and forms a deep friendship with the cinema's projectionist.
0,Hotaru no haka (1988),22 July 1989 (Hong Kong),Isao Takahata,Tsutomu Tatsumi/Ayano Shiraishi/Akemi Yamaguchi,8.5,"184,812",A young boy and his little sister struggle to survive in Japan during World War II.
0,Sunset Blvd. (1950),7 June 1951 (Hong Kong),Billy Wilder,William Holden/Gloria Swanson/Erich von Stroheim,8.4,"171,541","A screenwriter is hired to rework a faded silent film star's script, only to find himself developing a dangerous relationship."
0,The Lives of Others (2006),1 February 2007 (Hong Kong),Florian Henckel von Donnersmarck,Ulrich M¨¹he/Martina Gedeck/Sebastian Koch,8.4,"310,602","In 1984 East Berlin, an agent of the secret police, conducting surveillance on a writer and his lover, finds himself becoming increasingly absorbed by their lives."
0,Dr. Strangelove or: How I Learned to Stop Worrying and Love the Bomb (1964),6 May 1965 (Hong Kong),Stanley Kubrick,Peter Sellers/George C. Scott/Sterling Hayden,8.4,"401,964",An insane general triggers a path to nuclear holocaust that a War Room full of politicians and generals frantically tries to stop.
0,Paths of Glory (1957),November 1957 (West Germany),Stanley Kubrick,Kirk Douglas/Ralph Meeker/Adolphe Menjou,8.4,"149,072","After refusing to attack an enemy position, a general accuses the soldiers of cowardice and their commanding officer must defend them."
0,The Shining (1980),2 June 1983 (Hong Kong),Stanley Kubrick,Jack Nicholson/Shelley Duvall/Danny Lloyd,8.4,"746,231","A family heads to an isolated hotel for the winter where an evil spiritual presence influences the father into violence, while his psychic son sees horrific forebodings from the past and of the future."
0,Django Unchained (2012),12 May 2013 (China),Quentin Tarantino,Jamie Foxx/Christoph Waltz/Leonardo DiCaprio,8.4,"1,161,111","With the help of a German bounty hunter, a freed slave sets out to rescue his wife from a brutal Mississippi plantation owner."
0,WALL¡¤E (2008),24 July 2008 (Hong Kong),Andrew Stanton,Ben Burtt/Elissa Knight/Jeff Garlin,8.4,"870,166","In the distant future, a small waste-collecting robot inadvertently embarks on a space journey that will ultimately decide the fate of mankind."
0,Mononoke-hime (1997),14 August 1997 (Hong Kong),Hayao Miyazaki,Y?ji Matsuda/Yuriko Ishida/Y?ko Tanaka,8.4,"280,926","On a journey to find the cure for a Tatarigami's curse, Ashitaka finds himself in the middle of a war between the forest gods and Tatara, a mining colony. In this quest he also meets San, the Mononoke Hime."
0,Witness for the Prosecution (1957),6 February 1958 (USA),Billy Wilder,Tyrone Power/Marlene Dietrich/Charles Laughton,8.4,"86,304",A veteran British barrister must defend his client in a murder trial that has surprise after surprise.
0,American Beauty (1999),2 March 2000 (Hong Kong),Sam Mendes,Kevin Spacey/Annette Bening/Thora Birch,8.4,"960,530",A sexually frustrated suburban father has a mid-life crisis after becoming infatuated with his daughter's best friend.
0,The Dark Knight Rises (2012),27 August 2012 (China),Christopher Nolan,Christian Bale/Tom Hardy/Anne Hathaway,8.4,"1,339,735","Eight years after the Joker's reign of anarchy, Batman, with the help of the enigmatic Catwoman, is forced from his exile to save Gotham City, now on the edge of total annihilation, from the brutal guerrilla terrorist Bane."
0,Oldeuboi (2003),14 October 2004 (Hong Kong),Chan-wook Park,Min-sik Choi/Ji-tae Yu/Hye-jeong Kang,8.4,"439,306","After being kidnapped and imprisoned for fifteen years, Oh Dae-Su is released, only to find that he must find his captor in five days."
0,Aliens (1986),25 December 1986 (Hong Kong),James Cameron,Sigourney Weaver/Michael Biehn/Carrie Henn,8.4,"580,855","Ellen Ripley is rescued by a deep salvage team after being in hypersleep for 57 years. The moon that the Nostromo visited has been colonized, but contact is lost. This time, colonial marines have impressive firepower, but will that be enough?"
0,Coco (2017),24 November 2017 (China),Lee Unkrich/Adrian Molina,Anthony Gonzalez/Gael Garc¨ªa Bernal/Benjamin Bratt,8.4,"232,413","Aspiring musician Miguel, confronted with his family's ancestral ban on music, enters the Land of the Dead to find his great-great-grandfather, a legendary singer."
0,Once Upon a Time in America (1984),11 August 1984 (Hong Kong),Sergio Leone,Robert De Niro/James Woods/Elizabeth McGovern,8.4,"265,866","A former Prohibition-era Jewish gangster returns to the Lower East Side of Manhattan over thirty years later, where he once again must confront the ghosts and regrets of his old life."
0,Das Boot (1981),4 March 1982 (Hong Kong),Wolfgang Petersen,J¨¹rgen Prochnow/Herbert Gr?nemeyer/Klaus Wennemann,8.4,"200,990","The claustrophobic world of a WWII German U-boat; boredom, filth and sheer terror."
0,Citizen Kane (1941),24 February 1950 (Hong Kong),Orson Welles,Orson Welles/Joseph Cotten/Dorothy Comingore,8.4,"351,662","Following the death of a publishing tycoon, news reporters scramble to discover the meaning of his final utterance."
0,Braveheart (1995),24 May 1995 (USA),Mel Gibson,Mel Gibson/Sophie Marceau/Patrick McGoohan,8.4,"865,252","When his secret bride is executed for assaulting an English soldier who tried to rape her, Sir William Wallace begins a revolt against King Edward I of England."
0,Vertigo (1958),23 April 1959 (Hong Kong),Alfred Hitchcock,James Stewart/Kim Novak/Barbara Bel Geddes,8.3,"306,901",A former police detective juggles wrestling with his personal demons and becoming obsessed with a hauntingly beautiful woman.
0,North by Northwest (1959),12 November 1959 (Hong Kong),Alfred Hitchcock,Cary Grant/Eva Marie Saint/James Mason,8.3,"261,807","A hapless New York advertising executive is mistaken for a government agent by a group of foreign spies, and is pursued across the country while he looks for a way to survive."
0,Reservoir Dogs (1992),2 September 1992 (France),Quentin Tarantino,Harvey Keitel/Tim Roth/Michael Madsen,8.3,"792,164","After a simple jewelry heist goes terribly wrong, the surviving criminals begin to suspect that one of them is a police informant."
0,Star Wars: Episode VI - Return of the Jedi (1983),1 July 1983 (Hong Kong),Richard Marquand,Mark Hamill/Harrison Ford/Carrie Fisher,8.3,"830,087","After a daring mission to rescue Han Solo from Jabba the Hutt, the rebels dispatch to Endor to destroy a more powerful Death Star. Meanwhile, Luke struggles to help Vader back from the dark side without falling into the Emperor's trap."
0,M - Eine Stadt sucht einen M?rder (1931),31 August 1931 (Sweden),Fritz Lang,Peter Lorre/Ellen Widmann/Inge Landgut,8.4,"122,019","When the police in a German city are unable to catch a child-murderer, other criminals join in the manhunt."
0,Kimi no na wa. (2016),2 December 2016 (China),Makoto Shinkai,Ry?nosuke Kamiki/Mone Kamishiraishi/Ry? Narita,8.4,"112,527","Two strangers find themselves linked in a bizarre way. When a connection forms, will distance be the only thing to keep them apart?"
0,Dangal (2016),5 May 2017 (China),Nitesh Tiwari,Aamir Khan/Sakshi Tanwar/Fatima Sana Shaikh,8.5,"108,034",Former wrestler Mahavir Singh Phogat and his two wrestler daughters struggle towards glory at the Commonwealth Games in the face of societal oppression.
0,Requiem for a Dream (2000),22 March 2001 (Hong Kong),Darren Aronofsky,Ellen Burstyn/Jared Leto/Jennifer Connelly,8.3,"677,097",The drug-induced utopias of four Coney Island people are shattered when their addictions run deep.
0,Amadeus (1984),13 June 1985 (Hong Kong),Milos Forman,F. Murray Abraham/Tom Hulce/Elizabeth Berridge,8.3,"324,537","The life, success and troubles of Wolfgang Amadeus Mozart, as told by Antonio Salieri, the contemporary composer who was insanely jealous of Mozart's talent and claimed to have murdered him."
0,Taare Zameen Par (2007),21 December 2007 (India),Aamir Khan/Amole Gupte,Darsheel Safary/Aamir Khan/Tisca Chopra,8.4,"131,539","An eight-year-old boy is thought to be a lazy trouble-maker, until the new art teacher has the patience and compassion to discover the real problem behind his struggles in school."
0,Lawrence of Arabia (1962),11 December 1962 (UK),David Lean,Peter O'Toole/Alec Guinness/Anthony Quinn,8.3,"232,772","The story of T.E. Lawrence, the English officer who successfully united and led the diverse, often warring, Arab tribes during World War I in order to fight the Turks."
0,Eternal Sunshine of the Spotless Mind (2004),13 May 2004 (Hong Kong),Michel Gondry,Jim Carrey/Kate Winslet/Tom Wilkinson,8.3,"794,449","When their relationship turns sour, a couple undergoes a medical procedure to have each other erased from their memories."
0,A Clockwork Orange (1971),30 October 1980 (Hong Kong),Stanley Kubrick,Malcolm McDowell/Patrick Magee/Michael Bates,8.3,"663,505","In the future, a sadistic gang leader is imprisoned and volunteers for a conduct-aversion experiment, but it doesn't go as planned."
0,Am¨¦lie (2001),25 October 2001 (Hong Kong),Jean-Pierre Jeunet,Audrey Tautou/Mathieu Kassovitz/Rufus,8.3,"631,077","Am¨¦lie is an innocent and naive girl in Paris with her own sense of justice. She decides to help those around her and, along the way, discovers love."
0,3 Idiots (2009),8 December 2011 (China),Rajkumar Hirani,Aamir Khan/Madhavan/Mona Singh,8.4,"284,814","Two friends are searching for their long lost companion. They revisit their college days and recall the memories of their friend who inspired them to think differently, even as the rest of the world called them ""idiots""."
0,2001: A Space Odyssey (1968),1 March 1969 (Hong Kong),Stanley Kubrick,Keir Dullea/Gary Lockwood/William Sylvester,8.3,"520,074","A space-opera spanning the dawn of man to humanity reaching the stars, 2001: A Space Odyssey tells the story of the Black Monolith, humanity's evolution and the rise of A.I.'s ultimate supercomputer HAL 9000."
0,Double Indemnity (1944),24 February 1949 (Hong Kong),Billy Wilder,Fred MacMurray/Barbara Stanwyck/Edward G. Robinson,8.3,"121,689",An insurance representative lets himself be talked into a murder/insurance fraud scheme that arouses the suspicion of an insurance investigator.
0,Toy Story (1995),16 February 1996 (Hong Kong),John Lasseter,Tom Hanks/Tim Allen/Don Rickles,8.3,"757,664",A cowboy doll is profoundly threatened and jealous when a new spaceman figure supplants him as top toy in a boy's room.
0,Taxi Driver (1976),12 May 1977 (Hong Kong),Martin Scorsese,Robert De Niro/Jodie Foster/Cybill Shepherd,8.3,"611,838","A mentally unstable veteran works as a nighttime taxi driver in New York City, where the perceived decadence and sleaze fuels his urge for violent action by attempting to liberate a presidential campaign worker and an underage prostitute."
0,Singin' in the Rain (1952),15 May 1981 (China),Stanley Donen/Gene Kelly,Gene Kelly/Donald O'Connor/Debbie Reynolds,8.3,"187,942",A silent film production company and cast make a difficult transition to sound.
0,Full Metal Jacket (1987),31 March 1988 (Hong Kong),Stanley Kubrick,Matthew Modine/R. Lee Ermey/Vincent D'Onofrio,8.3,"585,634",A pragmatic U.S. Marine observes the dehumanizing effects the Vietnam War has on his fellow recruits from their brutal boot camp training to the bloody street fighting in Hue.
0,Inglourious Basterds (2009),20 August 2009 (Hong Kong),Quentin Tarantino/Eli Roth,Brad Pitt/Diane Kruger/Eli Roth,8.3,"1,073,369","In Nazi-occupied France during World War II, a plan to assassinate Nazi leaders by a group of Jewish U.S. soldiers coincides with a theatre owner's vengeful plans for the same."
0,Ladri di biciclette (1948),7 January 1954 (Hong Kong),Vittorio De Sica,Lamberto Maggiorani/Enzo Staiola/Lianella Carell,8.3,"120,383","In post-war Italy, a working-class man's bicycle is stolen. He and his son set out to find it."
0,To Kill a Mockingbird (1962),8 August 1963 (Hong Kong),Robert Mulligan,Gregory Peck/John Megna/Frank Overton,8.3,"262,297","Atticus Finch, a lawyer in the Depression-era South, defends a black man against an undeserved rape charge, and his children against prejudice."
0,The Kid (1921),6 February 1921 (USA),Charles Chaplin,Charles Chaplin/Edna Purviance/Jackie Coogan,8.3,"91,007","The Tramp cares for an abandoned child, but events put that relationship in jeopardy."
0,The Sting (1973),5 September 1974 (Hong Kong),George Roy Hill,Paul Newman/Robert Redford/Robert Shaw,8.3,"211,285",Two grifters team up to pull off the ultimate con.
0,Toy Story 3 (2010),16 June 2010 (China),Lee Unkrich,Tom Hanks/Tim Allen/Joan Cusack,8.3,"654,347","The toys are mistakenly delivered to a day-care center instead of the attic right before Andy leaves for college, and it's up to Woody to convince the other toys that they weren't abandoned and to return home."
0,Good Will Hunting (1997),5 March 1998 (Hong Kong),Gus Van Sant,Robin Williams/Matt Damon/Ben Affleck,8.3,"736,345","Will Hunting, a janitor at M.I.T., has a gift for mathematics, but needs help from a psychologist to find direction in his life."
0,Jagten (2012),11 April 2013 (Hong Kong),Thomas Vinterberg,Mads Mikkelsen/Thomas Bo Larsen/Annika Wedderkopp,8.3,"228,953","A teacher lives a lonely life, all the while struggling over his son's custody. His life slowly gets better as he finds love and receives good news from his son, but his new luck is about to be brutally shattered by an innocent little lie."
0,Snatch (2000),1 September 2000 (UK),Guy Ritchie,Jason Statham/Brad Pitt/Benicio Del Toro,8.3,"696,791","Unscrupulous boxing promoters, violent bookmakers, a Russian gangster, incompetent amateur robbers and supposedly Jewish jewelers fight to track down a priceless stolen diamond."
0,Monty Python and the Holy Grail (1975),11 August 1977 (Hong Kong),Terry Gilliam/Terry Jones,Graham Chapman/John Cleese/Eric Idle,8.3,"445,253","King Arthur and his Knights of the Round Table embark on a surreal, low-budget search for the Holy Grail, encountering many, very silly obstacles."
0,Scarface (1983),8 March 1984 (Hong Kong),Brian De Palma,Al Pacino/Michelle Pfeiffer/Steven Bauer,8.3,"639,312","In Miami in 1980, a determined Cuban immigrant takes over a drug cartel and succumbs to greed."
0,Per qualche dollaro in pi¨´ (1965),6 August 1970 (Hong Kong),Sergio Leone,Clint Eastwood/Lee Van Cleef/Gian Maria Volont¨¨,8.3,"195,997",Two bounty hunters with the same intentions team up to track down a Western outlaw.
0,The Apartment (1960),26 October 1961 (Hong Kong),Billy Wilder,Jack Lemmon/Shirley MacLaine/Fred MacMurray,8.3,"136,715","A man tries to rise in his company by letting its executives use his apartment for trysts, but complications and a romance of his own ensue."
0,L.A. Confidential (1997),13 November 1997 (Hong Kong),Curtis Hanson,Kevin Spacey/Russell Crowe/Guy Pearce,8.3,"479,061","As corruption grows in 1950s LA, three policemen - one strait-laced, one brutal, and one sleazy - investigate a series of murders with their own brand of justice."
0,Metropolis (1927),5 March 1927 (Denmark),Fritz Lang,Brigitte Helm/Alfred Abel/Gustav Fr?hlich,8.3,"137,254","In a futuristic city sharply divided between the working class and the city planners, the son of the city's mastermind falls in love with a working class prophet who predicts the coming of a savior to mediate their differences."
0,Jodaeiye Nader az Simin (2011),13 November 2012 (China),Asghar Farhadi,Payman Maadi/Leila Hatami/Sareh Bayat,8.3,"187,617",A married couple are faced with a difficult decision - to improve the life of their child by moving to another country or to stay in Iran and look after a deteriorating parent who has Alzheimer's disease.
0,Indiana Jones and the Last Crusade (1989),29 June 1989 (Hong Kong),Steven Spielberg,Harrison Ford/Sean Connery/Alison Doody,8.3,"610,079","In 1938, after his father Professor Henry Jones, Sr. goes missing while pursuing the Holy Grail, Indiana Jones finds himself up against Adolf Hitler's Nazis again to stop them obtaining its powers."
0,Rash?mon (1950),26 August 1950 (Japan),Akira Kurosawa,Toshir? Mifune/Machiko Ky?/Masayuki Mori,8.3,"128,060","The rape of a bride and the murder of her samurai husband are recalled from the perspectives of a bandit, the bride, the samurai's ghost and a woodcutter."
0,Up (2009),4 August 2009 (China),Pete Docter/Bob Peterson,Edward Asner/Jordan Nagai/John Ratzenberger,8.3,"809,710","Seventy-eight year old Carl Fredricksen travels to Paradise Falls in his home equipped with balloons, inadvertently taking a young stowaway."
0,All About Eve (1950),16 August 1951 (Hong Kong),Joseph L. Mankiewicz,Bette Davis/Anne Baxter/George Sanders,8.3,"103,072",An ingenue insinuates herself into the company of an established but aging stage actress and her circle of theater friends.
0,Y?jinb? (1961),25 April 1961 (Japan),Akira Kurosawa,Toshir? Mifune/Eijir? T?no/Tatsuya Nakadai,8.3,"92,630",A crafty ronin comes to a town divided by two criminal gangs and decides to play them against each other to free the town.
0,Batman Begins (2005),29 June 2005 (China),Christopher Nolan,Christian Bale/Michael Caine/Ken Watanabe,8.3,"1,151,957","After training with his mentor, Batman begins his fight to free crime-ridden Gotham City from corruption."
0,Some Like It Hot (1959),17 December 1959 (Hong Kong),Billy Wilder,Marilyn Monroe/Tony Curtis/Jack Lemmon,8.3,"211,415","When two male musicians witness a mob hit, they flee the state in an all-female band disguised as women, but further complications set in."
0,Unforgiven (1992),14 January 1993 (Hong Kong),Clint Eastwood,Clint Eastwood/Gene Hackman/Morgan Freeman,8.2,"328,994","Retired Old West gunslinger William Munny reluctantly takes on one last job, with the help of his old partner and a young man."
0,Der Untergang (2004),17 March 2005 (Hong Kong),Oliver Hirschbiegel,Bruno Ganz/Alexandra Maria Lara/Ulrich Matthes,8.2,"294,538","Traudl Junge, the final secretary for Adolf Hitler, tells of the Nazi dictator's final days in his Berlin bunker at the end of WWII."
0,The Treasure of the Sierra Madre (1948),24 January 1948 (USA),John Huston,Humphrey Bogart/Walter Huston/Tim Holt,8.3,"97,811","Fred Dobbs and Bob Curtin, two Americans searching for work in Mexico, convince an old prospector to help them mine for gold in the Sierra Madre Mountains."
0,Die Hard (1988),19 October 1988 (Hong Kong),John McTiernan,Bruce Willis/Alan Rickman/Bonnie Bedelia,8.2,"694,122","John McClane, officer of the NYPD, tries to save his wife Holly Gennaro and several others that were taken hostage by German terrorist Hans Gruber during a Christmas party at the Nakatomi Plaza in Los Angeles."
0,Heat (1995),7 March 1996 (Hong Kong),Michael Mann,Al Pacino/Robert De Niro/Val Kilmer,8.2,"507,043",A group of professional bank robbers start to feel the heat from police when they unknowingly leave a clue at their latest heist.
0,Ikiru (1952),9 October 1952 (Japan),Akira Kurosawa,Takashi Shimura/Nobuo Kaneko/Shin'ichi Himori,8.3,"55,785",A bureaucrat tries to find a meaning in his life after he discovers he has terminal cancer.
0,Raging Bull (1980),7 May 1981 (Hong Kong),Martin Scorsese,Robert De Niro/Cathy Moriarty/Joe Pesci,8.2,"277,894","The life of boxer Jake LaMotta, as the violence and temper that leads him to the top in the ring destroys his life outside of it."
0,Incendies (2010),21 April 2011 (Hong Kong),Denis Villeneuve,Lubna Azabal/M¨¦lissa D¨¦sormeaux-Poulin/Maxim Gaudette,8.2,"116,216",Twins journey to the Middle East to discover their family history and fulfill their mother's last wishes.
0,Bohemian Rhapsody (2018),1 November 2018 (Hong Kong),Bryan Singer,Rami Malek/Lucy Boynton/Gwilym Lee,8.4,"74,487",A chronicle of the years leading up to Queen's legendary appearance at the Live Aid (1985) concert.
0,The Great Escape (1963),23 January 1964 (Hong Kong),John Sturges,Steve McQueen/James Garner/Richard Attenborough,8.2,"198,365",Allied prisoners of war plan for several hundred of their number to escape from a German camp during World War II.
0,Babam ve Oglum (2005),18 November 2005 (Turkey),?agan Irmak,?etin Tekindor/Fikret Kuskan/H¨¹meyra,8.4,"61,641",The family of a left-wing journalist is torn apart after a military coup in 1980's Turkey.
0,Bacheha-Ye aseman (1997),13 May 1999 (Hong Kong),Majid Majidi,Mohammad Amir Naji/Amir Farrokh Hashemian/Bahare Seddiqi,8.3,"47,700","After a boy loses his sister's pair of shoes, he goes on a series of adventures in order to find them. When he can't, he tries a new way to ""win"" a new pair."
0,Pan's Labyrinth (2006),15 March 2007 (Hong Kong),Guillermo del Toro,Ivana Baquero/Ariadna Gil/Sergi L¨®pez,8.2,"553,508","In the falangist Spain of 1944, the bookish young stepdaughter of a sadistic army officer escapes into an eerie but captivating fantasy world."
0,Chinatown (1974),26 March 1982 (Hong Kong),Roman Polanski,Jack Nicholson/Faye Dunaway/John Huston,8.2,"256,866","A private detective hired to expose an adulterer finds himself caught up in a web of deceit, corruption, and murder."
0,The Third Man (1949),13 September 1951 (Hong Kong),Carol Reed,Orson Welles/Joseph Cotten/Alida Valli,8.2,"138,221","Pulp novelist Holly Martins travels to shadowy, postwar Vienna, only to find himself investigating the mysterious death of an old friend, Harry Lime."
0,Tonari no Totoro (1988),15 July 1988 (Hong Kong),Hayao Miyazaki,Hitoshi Takagi/Noriko Hidaka/Chika Sakamoto,8.2,"226,462","When two girls move to the country to be near their ailing mother, they have adventures with the wondrous forest spirits who live nearby."
0,Ran (1985),1 June 1985 (Japan),Akira Kurosawa,Tatsuya Nakadai/Akira Terao/Jinpachi Nezu,8.2,"95,752","In Medieval Japan, an elderly warlord retires, handing over his empire to his three sons. However, he vastly underestimates how the new-found power will corrupt them and cause them to turn on each other...and him."
0,Hauru no ugoku shiro (2004),17 March 2005 (Hong Kong),Hayao Miyazaki,Chieko Baish?/Takuya Kimura/Tatsuya Gash?in,8.2,"269,923","When an unconfident young woman is cursed with an old body by a spiteful witch, her only chance of breaking the spell lies with a self-indulgent yet insecure young wizard and his companions in his legged, walking castle."
0,Judgment at Nuremberg (1961),18 December 1961 (Sweden),Stanley Kramer,Spencer Tracy/Burt Lancaster/Richard Widmark,8.2,"58,779","In 1948, an American court in occupied Germany tries four Nazi judges for war crimes."
0,The Gold Rush (1925),15 April 1926 (Hong Kong),Charles Chaplin,Charles Chaplin/Mack Swain/Tom Murray,8.2,"85,549",A prospector goes to the Klondike in search of gold and finds it and more.
0,El secreto de sus ojos (2009),13 August 2009 (Argentina),Juan Jos¨¦ Campanella,Ricardo Dar¨ªn/Soledad Villamil/Pablo Rago,8.2,"166,169",A retired legal counselor writes a novel hoping to find closure for one of his past unresolved homicide cases and for his unreciprocated love with his superior - both of which still haunt him decades later.
0,The Bridge on the River Kwai (1957),9 January 1958 (Hong Kong),David Lean,William Holden/Alec Guinness/Jack Hawkins,8.2,"180,072","After settling his differences with a Japanese PoW camp commander, a British colonel co-operates to oversee his men's construction of a railway bridge for their captors - while oblivious to a plan by the Allies to destroy it."
0,"Three Billboards Outside Ebbing, Missouri (2017)",18 January 2018 (Hong Kong),Martin McDonagh,Frances McDormand/Woody Harrelson/Sam Rockwell,8.2,"291,622",A mother personally challenges the local authorities to solve her daughter's murder when they fail to catch the culprit.
0,A Beautiful Mind (2001),28 February 2002 (Hong Kong),Ron Howard,Russell Crowe/Ed Harris/Jennifer Connelly,8.2,"741,761","After John Nash, a brilliant but asocial mathematician, accepts secret work in cryptography, his life takes a turn for the nightmarish."
0,"Lock, Stock and Two Smoking Barrels (1998)",23 September 1999 (Hong Kong),Guy Ritchie,Jason Flemyng/Dexter Fletcher/Nick Moran,8.2,"479,310","A botched card game in London triggers four friends, thugs, weed-growers, hard gangsters, loan sharks and debt collectors to collide with each other in a series of unexpected events, all for the sake of weed, cash and two antique shotguns."
0,On the Waterfront (1954),17 March 1955 (Hong Kong),Elia Kazan,Marlon Brando/Karl Malden/Lee J. Cobb,8.2,"124,089",An ex-prize fighter turned longshoreman struggles to stand up to his corrupt union bosses.
0,Casino (1995),14 March 1996 (Hong Kong),Martin Scorsese,Robert De Niro/Sharon Stone/Joe Pesci,8.2,"399,427","A tale of greed, deception, money, power, and murder occur between two best friends: a mafia enforcer and a casino executive, compete against each other over a gambling empire, and over a fast living and fast loving socialite."
0,Det sjunde inseglet (1957),30 March 1961 (Hong Kong),Ingmar Bergman,Max von Sydow/Gunnar Bj?rnstrand/Bengt Ekerot,8.2,"137,456","A man seeks answers about life, death, and the existence of God as he plays chess against the Grim Reaper during the Black Plague."
0,Inside Out (2015),6 October 2015 (China),Pete Docter/Ronnie Del Carmen,Amy Poehler/Bill Hader/Lewis Black,8.2,"505,050","After young Riley is uprooted from her Midwest life and moved to San Francisco, her emotions - Joy, Fear, Anger, Disgust and Sadness - conflict on how best to navigate a new city, house, and school."
0,The Elephant Man (1980),15 October 1981 (Hong Kong),David Lynch,Anthony Hopkins/John Hurt/Anne Bancroft,8.2,"193,899","A Victorian surgeon rescues a heavily disfigured man who is mistreated while scraping a living as a side-show freak. Behind his monstrous fa?ade, there is revealed a person of intelligence and sensitivity."
0,Room (2015),3 March 2016 (Hong Kong),Lenny Abrahamson,Brie Larson/Jacob Tremblay/Sean Bridgers,8.2,"291,656","Held captive for years in an enclosed space, a woman and her young son finally gain their freedom, allowing the boy to experience the outside world for the first time."
0,Mr. Smith Goes to Washington (1939),13 September 1946 (Hong Kong),Frank Capra,James Stewart/Jean Arthur/Claude Rains,8.2,"94,742","A naive man is appointed to fill a vacancy in the United States Senate. His plans promptly collide with political corruption, but he doesn't back down."
0,The Wolf of Wall Street (2013),13 February 2014 (Hong Kong),Martin Scorsese,Leonardo DiCaprio/Jonah Hill/Margot Robbie,8.2,"984,887","Based on the true story of Jordan Belfort, from his rise to a wealthy stock-broker living the high life to his fall involving crime, corruption and the federal government."
0,V for Vendetta (2005),16 March 2006 (Hong Kong),James McTeigue,Hugo Weaving/Natalie Portman/Rupert Graves,8.2,"925,167","In a future British tyranny, a shadowy freedom fighter, known only by the alias of ""V"", plots to overthrow it with the help of a young woman."
0,Warrior (2011),24 February 2012 (Hong Kong),Gavin O'Connor,Tom Hardy/Nick Nolte/Joel Edgerton,8.2,"392,351","The youngest son of an alcoholic former boxer returns home, where he's trained by his father for competition in a mixed martial arts tournament - a path that puts the fighter on a collision course with his estranged, older brother."
0,Blade Runner (1982),22 December 1982 (Hong Kong),Ridley Scott,Harrison Ford/Rutger Hauer/Sean Young,8.2,"604,525","A blade runner must pursue and terminate four replicants who stole a ship in space, and have returned to Earth to find their creator."
0,The General (1926),7 April 1927 (Hong Kong),Clyde Bruckman/Buster Keaton,Buster Keaton/Marion Mack/Glen Cavender,8.2,"68,536","When Union spies steal an engineer's beloved locomotive, he pursues it single-handedly and straight through enemy lines."
0,Smultronst?llet (1957),26 December 1957 (Sweden),Ingmar Bergman,Victor Sj?str?m/Bibi Andersson/Ingrid Thulin,8.2,"80,216","After living a life marked by coldness, an aging professor is forced to confront the emptiness of his existence."
0,Dial M for Murder (1954),29 May 1954 (USA),Alfred Hitchcock,Ray Milland/Grace Kelly/Robert Cummings,8.2,"134,959",A tennis player frames his unfaithful wife for first-degree murder after she inadvertently hinders his plan to kill her.
0,Trainspotting (1996),21 November 1996 (Hong Kong),Danny Boyle,Ewan McGregor/Ewen Bremner/Jonny Lee Miller,8.2,"571,213","Renton, deeply immersed in the Edinburgh drug scene, tries to clean up and get out, despite the allure of the drugs and influence of friends."
0,No Country for Old Men (2007),21 February 2008 (Hong Kong),Ethan Coen/Joel Coen,Tommy Lee Jones/Javier Bardem/Josh Brolin,8.1,"737,222",Violence and mayhem ensue after a hunter stumbles upon a drug deal gone wrong and more than two million dollars in cash near the Rio Grande.
0,There Will Be Blood (2007),14 February 2008 (Hong Kong),Paul Thomas Anderson,Daniel Day-Lewis/Paul Dano/Ciar¨¢n Hinds,8.1,"447,489","A story of family, religion, hatred, oil and madness, focusing on a turn-of-the-century prospector in the early days of the business."
0,The Sixth Sense (1999),9 September 1999 (Hong Kong),M. Night Shyamalan,Bruce Willis/Haley Joel Osment/Toni Collette,8.1,"818,361",A boy who communicates with spirits seeks the help of a disheartened child psychologist.
0,Gone with the Wind (1939),16 June 1949 (Hong Kong),Victor Fleming/George Cukor/1 more credit,Clark Gable/Vivien Leigh/Thomas Mitchell,8.2,"255,687",A manipulative woman and a roguish man conduct a turbulent romance during the American Civil War and Reconstruction periods.
0,The Thing (1982),30 September 1982 (Hong Kong),John Carpenter,Kurt Russell/Wilford Brimley/Keith David,8.1,"318,085",A research team in Antarctica is hunted by a shape-shifting alien that assumes the appearance of its victims.
0,Fargo (1996),12 September 1996 (Hong Kong),Joel Coen/Ethan Coen,William H. Macy/Frances McDormand/Steve Buscemi,8.1,"542,103",Jerry Lundegaard's inept crime falls apart due to his and his henchmen's bungling and the persistent police work of the quite pregnant Marge Gunderson.
0,Gran Torino (2008),12 March 2009 (Hong Kong),Clint Eastwood,Clint Eastwood/Bee Vang/Christopher Carley,8.1,"651,082","Disgruntled Korean War veteran Walt Kowalski sets out to reform his neighbor, a Hmong teenager who tried to steal Kowalski's prized possession: a 1972 Gran Torino."
0,The Deer Hunter (1978),22 June 1979 (Hong Kong),Michael Cimino,Robert De Niro/Christopher Walken/John Cazale,8.1,"275,702",An in-depth examination of the ways in which the U.S. Vietnam War impacts and disrupts the lives of people in a small industrial town in Pennsylvania.
0,Finding Nemo (2003),30 July 2003 (China),Andrew Stanton/Lee Unkrich,Albert Brooks/Ellen DeGeneres/Alexander Gould,8.1,"834,535","After his son is captured in the Great Barrier Reef and taken to Sydney, a timid clownfish sets out on a journey to bring him home."
0,Idi i smotri (1985),17 October 1985 (Hungary),Elem Klimov,Aleksey Kravchenko/Olga Mironova/Liubomiras Laucevicius,8.2,"40,394","After finding an old rifle, a young boy joins the Soviet resistance movement against ruthless German forces and experiences the horrors of World War II."
0,Sherlock Jr. (1924),11 May 1924 (USA),Buster Keaton,Buster Keaton/Kathryn McGuire/Joe Keaton,8.2,"30,055","A film projectionist longs to be a detective, and puts his meagre skills to work when he is framed by a rival for stealing his girlfriend's father's pocketwatch."
0,The Big Lebowski (1998),11 June 1998 (Hong Kong),Joel Coen/Ethan Coen,Jeff Bridges/John Goodman/Julianne Moore,8.1,"637,313","Jeff ""The Dude"" Lebowski, mistaken for a millionaire of the same name, seeks restitution for his ruined rug and enlists his bowling buddies to help get it."
0,Kill Bill: Vol. 1 (2003),16 October 2003 (Hong Kong),Quentin Tarantino,Uma Thurman/David Carradine/Daryl Hannah,8.1,"871,005","After awakening from a four-year coma, a former assassin wreaks vengeance on the team of assassins who betrayed her."
0,Shutter Island (2010),11 March 2010 (Hong Kong),Martin Scorsese,Leonardo DiCaprio/Emily Mortimer/Mark Ruffalo,8.1,"962,985","In 1954, a U.S. Marshal investigates the disappearance of a murderer, who escaped from a hospital for the criminally insane."
0,Cool Hand Luke (1967),1 November 1967 (USA),Stuart Rosenberg,Paul Newman/George Kennedy/Strother Martin,8.1,"143,028","A laid back Southern man is sentenced to two years in a rural prison, but refuses to conform."
0,Rebecca (1940),12 April 1940 (USA),Alfred Hitchcock,Laurence Olivier/Joan Fontaine/George Sanders,8.1,"107,062",A self-conscious bride is tormented by the memory of her husband's dead first wife.
0,T?ky? monogatari (1953),3 November 1953 (Japan),Yasujir? Ozu,Chish? Ry?/Chieko Higashiyama/S? Yamamura,8.2,"40,966",An old couple visit their children and grandchildren in the city; but the children have little time for them.
0,Mary and Max (2009),9 April 2009 (Australia),Adam Elliot,Toni Collette/Philip Seymour Hoffman/Eric Bana,8.1,"146,018","A tale of friendship between two unlikely pen pals: Mary, a lonely, eight-year-old girl living in the suburbs of Melbourne, and Max, a forty-four-year old, severely obese man living in New York."
0,Hacksaw Ridge (2016),8 December 2016 (China),Mel Gibson,Andrew Garfield/Sam Worthington/Luke Bracey,8.1,"340,262","World War II American Army Medic Desmond T. Doss, who served during the Battle of Okinawa, refuses to kill people, and becomes the first man in American history to receive the Medal of Honor without firing a shot."
0,Sunrise: A Song of Two Humans (1927),1 April 1937 (Hong Kong),F.W. Murnau,George O'Brien/Janet Gaynor/Margaret Livingston,8.2,"41,195",An allegorical tale about a man fighting the good and evil within him. Both sides are made flesh - one a sophisticated woman he is attracted to and the other his wife.
0,How to Train Your Dragon (2010),1 April 2010 (Hong Kong),Dean DeBlois/Chris Sanders,Jay Baruchel/Gerard Butler/Christopher Mintz-Plasse,8.1,"583,617","A hapless young Viking who aspires to hunt dragons becomes the unlikely friend of a young dragon himself, and learns there may be more to the creatures than he assumed."
0,Gone Girl (2014),2 October 2014 (Hong Kong),David Fincher,Ben Affleck/Rosamund Pike/Neil Patrick Harris,8.1,"726,725","With his wife's disappearance having become the focus of an intense media circus, a man sees the spotlight turned on him when it's suspected that he may not be innocent."
0,Relatos salvajes (2014),26 March 2015 (Hong Kong),Dami¨¢n Szifron,Dar¨ªo Grandinetti/Mar¨ªa Marull/M¨®nica Villa,8.1,"141,789",Six short stories that explore the extremities of human behavior involving people in distress.
0,Jurassic Park (1993),29 July 1993 (Hong Kong),Steven Spielberg,Sam Neill/Laura Dern/Jeff Goldblum,8.1,"752,205","During a preview tour, a theme park suffers a major power breakdown that allows its cloned dinosaur exhibits to run amok."
0,Into the Wild (2007),19 October 2007 (USA),Sean Penn,Emile Hirsch/Vince Vaughn/Catherine Keener,8.1,"509,087","After graduating from Emory University, top student and athlete Christopher McCandless abandons his possessions, gives his entire $24,000 savings account to charity and hitchhikes to Alaska to live in the wilderness. Along the way, Christopher encounters a series of characters that shape his life."
0,Eskiya (1996),29 November 1996 (Turkey),Yavuz Turgul,Sener Sen/Ugur Y¨¹cel/Sermin H¨¹rmeri?,8.3,"52,554","The epic adventures of the legendary Baran the Bandit following his release from prison. After serving 35 years, it is no surprise that the world has changed dramatically. Still, Baran can't help but be shocked to discover that his home village is now underwater thanks to the construction of a new dam. He then heads for Istanbul to get revenge upon his former best friend, the man who snitched on him and stole his lover Keje. Along the way, Baran teams up with Cumali, a tough young punk who finds the thief's old-fashioned ways rather quaint. When Cumali gets into deep trouble with a crime boss, Baran adds another vengeful task to his roster./After serving a 35-year jail sentence, Baran, a bandit, is released from prison in a city in Eastern Turkey. The first thing he does is to return to the village he left. But the village has been long submerged under an artificial reservoir. Baran's undoing was Berfo, a friend who had once been closer to him than a brother. In order to snare Keje, Baran's sweetheart, Berfo seized his best friend gold and have Baran arrested by the gendarme on Mountain Cudi. Then Berfo purchases Keje from her father against her will, and disappears. According to rumor, he is in Istanbul. While traveling to Istanbul by train, Baran meets Cumali, a young man. Cumali was raised in the alleys of Beyoglu, his life revolving around bars, gambling joints, alcohol, dope and woman. Cumali dreams of joining the mafia and making it big. He takes Baran to a dilapidated hotel in the backstreet's of Beyoglu. After a while, Cumali and friends discover that Baran used to be a bandit, but they can't take it seriously. For them, it is just a laugh. Cumali's dreams of a new life include Emel, his girlfriend. Emel has a convict brother, who is in trouble with the other prisoners in his jail. His life is in danger, and he needs high amount of money to get out. Cumali promises Emel to get the Money for her brother as soon as possible. Meanwhile, the bandit is going through Istanbul in a daze, lost in totally alien world, with no idea where to start looking for the woman he loves and the mortal enemy who was stolen her..."
0,Life of Brian (1979),8 November 1979 (UK),Terry Jones,Graham Chapman/John Cleese/Michael Palin,8.1,"322,151","Born on the original Christmas in the stable next door to Jesus, Brian of Nazareth spends his life being mistaken for a messiah."
0,A Star Is Born (2018),17 October 2018 (Hong Kong),Bradley Cooper,Lady Gaga/Bradley Cooper/Sam Elliott,8.3,"87,717","A musician helps a young singer find fame, even as age and alcoholism send his own career into a downward spiral."
0,It Happened One Night (1934),7 September 1939 (Hong Kong),Frank Capra,Clark Gable/Claudette Colbert/Walter Connolly,8.1,"81,773",A spoiled heiress running away from her family is helped by a man who is actually a reporter in need of a story.
0,In the Name of the Father (1993),27 December 1993 (Ireland),Jim Sheridan,Daniel Day-Lewis/Pete Postlethwaite/Alison Crosbie,8.1,"136,387",A man's coerced confession to an IRA bombing he did not commit results in the imprisonment of his father as well. An English lawyer fights to free them.
0,Platoon (1986),9 April 1987 (Hong Kong),Oliver Stone,Charlie Sheen/Tom Berenger/Willem Dafoe,8.1,"341,350",A young soldier in Vietnam faces a moral crisis when confronted with the horrors of war and the duality of man.
0,The Grand Budapest Hotel (2014),20 March 2014 (Hong Kong),Wes Anderson,Ralph Fiennes/F. Murray Abraham/Mathieu Amalric,8.1,"606,987","The adventures of Gustave H, a legendary concierge at a famous hotel from the fictional Republic of Zubrowka between the first and second World Wars, and Zero Moustafa, the lobby boy who becomes his most trusted friend."
0,Stand by Me (1986),26 November 1986 (USA),Rob Reiner,Wil Wheaton/River Phoenix/Corey Feldman,8.1,"323,636","After the death of a friend, a writer recounts a boyhood journey to find the body of a missing boy."
0,The Truman Show (1998),5 June 1998 (USA),Peter Weir,Jim Carrey/Ed Harris/Laura Linney,8.1,"804,864",An insurance salesman/adjuster discovers his entire life is actually a television show.
0,Network (1976),25 August 1977 (Hong Kong),Sidney Lumet,Faye Dunaway/William Holden/Peter Finch,8.1,"126,506",A television network cynically exploits a deranged former anchor's ravings and revelations about the news media for its own profit.
0,Stalker (1979),17 October 2004 (Hong Kong),Andrei Tarkovsky,Alisa Freyndlikh/Aleksandr Kaydanovskiy/Anatoliy Solonitsyn,8.1,"92,759",A guide leads two men through an area known as the Zone to find a room that grants wishes.
0,Hotel Rwanda (2004),4 March 2005 (UK),Terry George,Don Cheadle/Sophie Okonedo/Joaquin Phoenix,8.1,"305,713",Paul Rusesabagina was a hotel manager who housed over a thousand Tutsi refugees during their struggle against the Hutu militia in Rwanda.
0,Ben-Hur (1959),16 November 1961 (Hong Kong),William Wyler,Charlton Heston/Jack Hawkins/Stephen Boyd,8.1,"195,120","When a Jewish prince is betrayed and sent into slavery by a Roman friend, he regains his freedom and comes back for revenge."
0,Persona (1966),3 April 1969 (Hong Kong),Ingmar Bergman,Bibi Andersson/Liv Ullmann/Margaretha Krook,8.1,"82,467",A nurse is put in charge of a mute actress and finds that their personae are melding together.
0,Salinui chueok (2003),4 March 2004 (Hong Kong),Joon-ho Bong,Kang-ho Song/Sang-kyung Kim/Roe-ha Kim,8.1,"94,610","In a small Korean province in 1986, three detectives struggle with the case of multiple young women being found raped and murdered by an unknown culprit."
0,12 Years a Slave (2013),27 February 2014 (Hong Kong),Steve McQueen,Chiwetel Ejiofor/Michael Kenneth Williams/Michael Fassbender,8.1,"554,370","In the antebellum United States, Solomon Northup, a free black man from upstate New York, is abducted and sold into slavery."
0,Andrei Rublev (1966),16 October 2004 (Hong Kong),Andrei Tarkovsky,Anatoliy Solonitsyn/Ivan Lapikov/Nikolay Grinko,8.2,"36,470","The life, times and afflictions of the fifteenth-century Russian iconographer."
0,Le salaire de la peur (1953),22 April 1953 (France),Henri-Georges Clouzot,Yves Montand/Charles Vanel/Peter van Eyck,8.1,"46,418","In a decrepit South American village, four men are hired to transport an urgent nitroglycerine shipment without the equipment that would make it safe."
0,Million Dollar Baby (2004),10 March 2005 (Hong Kong),Clint Eastwood,Hilary Swank/Clint Eastwood/Morgan Freeman,8.1,"568,964",A determined woman works with a hardened boxing trainer to become a professional.
0,La passion de Jeanne d'Arc (1928),25 October 1928 (France),Carl Theodor Dreyer,Maria Falconetti/Eugene Silvain/Andr¨¦ Berley,8.2,"38,546","In 1431, Jeanne d'Arc is placed on trial on charges of heresy. The ecclesiastical jurists attempt to force Jeanne to recant her claims of holy visions."
0,Rush (2013),11 December 2015 (China),Ron Howard,Daniel Br¨¹hl/Chris Hemsworth/Olivia Wilde,8.1,"379,903",The merciless 1970s rivalry between Formula One rivals James Hunt and Niki Lauda.
0,Rang De Basanti (2006),26 January 2006 (India),Rakeysh Omprakash Mehra,Aamir Khan/Soha Ali Khan/Siddharth,8.2,"96,614","The story of six young Indians who assist an English Woman to film a documentary on the extremist freedom fighters from their past, and the events that lead them to relive the long forgotten saga of freedom."
0,Mad Max: Fury Road (2015),14 May 2015 (Hong Kong),George Miller,Tom Hardy/Charlize Theron/Nicholas Hoult,8.1,"743,028","In a post-apocalyptic wasteland, a woman rebels against a tyrannical ruler in search for her homeland with the aid of a group of female prisoners, a psychotic worshiper, and a drifter named Max."
0,Before Sunrise (1995),27 January 1995 (USA),Richard Linklater,Ethan Hawke/Julie Delpy/Andrea Eckert,8.1,"228,882","A young man and woman meet on a train in Europe, and wind up spending one evening together in Vienna. Unfortunately, both know that this will probably be their only night together."
0,Les quatre cents coups (1959),3 June 1959 (France),Fran?ois Truffaut,Jean-Pierre L¨¦aud/Albert R¨¦my/Claire Maurier,8.1,"88,713","A young boy, left without attention, delves into a life of petty crime."
0,Spotlight (2015),18 February 2016 (Hong Kong),Tom McCarthy,Mark Ruffalo/Michael Keaton/Rachel McAdams,8.1,"341,806","The true story of how the Boston Globe uncovered the massive scandal of child molestation and cover-up within the local Catholic Archdiocese, shaking the entire Catholic Church to its core."
0,Prisoners (2013),31 October 2013 (Hong Kong),Denis Villeneuve,Hugh Jackman/Jake Gyllenhaal/Viola Davis,8.1,"502,700","When Keller Dover's daughter and her friend go missing, he takes matters into his own hands as the police pursue multiple leads and the pressure mounts."
0,Hachi: A Dog's Tale (2009),7 January 2010 (Hong Kong),Lasse Hallstr?m,Richard Gere/Joan Allen/Cary-Hiroyuki Tagawa,8.1,"212,680",A college professor's bond with the abandoned dog he takes into his home.
0,Logan (2017),3 March 2017 (China),James Mangold,Hugh Jackman/Patrick Stewart/Dafne Keen,8.1,"518,186","In the near future, a weary Logan cares for an ailing Professor X, somewhere on the Mexican border. However, Logan's attempts to hide from the world, and his legacy, are upended when a young mutant arrives, pursued by dark forces."
0,Amores perros (2000),16 August 2001 (Hong Kong),Alejandro G. I?¨¢rritu,Emilio Echevarr¨ªa/Gael Garc¨ªa Bernal/Goya Toledo,8.1,"201,883","A horrific car accident connects three stories, each involving characters dealing with loss, regret, and life's harsh realities, all in the name of love."
0,The Princess Bride (1987),14 January 1989 (Hong Kong),Rob Reiner,Cary Elwes/Mandy Patinkin/Robin Wright,8.1,"346,045","While home sick in bed, a young boy's grandfather reads him a story called The Princess Bride."
0,Kaze no tani no Naushika (1984),12 February 1988 (Hong Kong),Hayao Miyazaki,Sumi Shimamoto/Mahito Tsujimura/Hisako Ky?da,8.1,"122,906",Warrior/pacifist Princess Nausica? desperately struggles to prevent two warring nations from destroying themselves and their dying planet.
0,Catch Me If You Can (2002),30 January 2003 (Hong Kong),Steven Spielberg,Leonardo DiCaprio/Tom Hanks/Christopher Walken,8.1,"681,966","A seasoned FBI agent pursues Frank Abagnale Jr. who, before his 19th birthday, successfully forged millions of dollars' worth of checks while posing as a Pan Am pilot, a doctor, and a legal prosecutor."
0,Butch Cassidy and the Sundance Kid (1969),15 January 1970 (Hong Kong),George Roy Hill,Paul Newman/Robert Redford/Katharine Ross,8.1,"181,384","Wyoming, early 1900s. Butch Cassidy and The Sundance Kid are the leaders of a band of outlaws. After a train robbery goes wrong they find themselves on the run with a posse hard on their heals. Their solution - escape to Bolivia."
0,Harry Potter and the Deathly Hallows: Part 2 (2011),4 August 2011 (China),David Yates,Daniel Radcliffe/Emma Watson/Rupert Grint,8.1,"663,830","Harry, Ron, and Hermione search for Voldemort's remaining Horcruxes in their effort to destroy the Dark Lord as the final battle rages on at Hogwarts."
0,Rocky (1976),19 May 1977 (Hong Kong),John G. Avildsen,Sylvester Stallone/Talia Shire/Burt Young,8.1,"454,502",A small-time boxer gets a supremely rare chance to fight a heavy-weight champion in a bout in which he strives to go the distance for his self-respect.
0,Barry Lyndon (1975),13 August 1976 (Hong Kong),Stanley Kubrick,Ryan O'Neal/Marisa Berenson/Patrick Magee,8.1,"126,904",An Irish rogue wins the heart of a rich widow and assumes her dead husband's aristocratic position in 18th-century England.
0,"Monsters, Inc. (2001)",9 February 2002 (Hong Kong),Pete Docter/David Silverman/1 more credit,Billy Crystal/John Goodman/Mary Gibbs,8.1,"709,254","In order to power the city, monsters have to scare children so that they scream. However, the children are toxic to the monsters, and after a child gets through, 2 monsters realize things may not be what they think."
0,The Grapes of Wrath (1940),23 May 1946 (Hong Kong),John Ford,Henry Fonda/Jane Darwell/John Carradine,8.1,"78,465","A poor Midwest family is forced off their land. They travel to California, suffering the misfortunes of the homeless in the Great Depression."
0,The Maltese Falcon (1941),13 August 1950 (Hong Kong),John Huston,Humphrey Bogart/Mary Astor/Gladys George,8.1,"136,401","A private detective takes on a case that involves him with three eccentric criminals, a gorgeous liar, and their quest for a priceless statuette."
0,Donnie Darko (2001),26 October 2001 (USA),Richard Kelly,Jake Gyllenhaal/Jena Malone/Mary McDonnell,8.1,"679,131","A troubled teenager is plagued by visions of a man in a large rabbit suit who manipulates him to commit a series of crimes, after he narrowly escapes a bizarre accident."
0,Les diaboliques (1955),29 January 1955 (France),Henri-Georges Clouzot,Simone Signoret/V¨¦ra Clouzot/Paul Meurisse,8.1,"54,488",The wife and mistress of a loathed school principal hatch a plan to murder him while having the perfect alibi. They carry out the plan...but then his body disappears.
0,The Terminator (1984),22 March 1985 (Hong Kong),James Cameron,Arnold Schwarzenegger/Linda Hamilton/Michael Biehn,8.0,"704,318","A seemingly indestructible android is sent from 2029 to 1984 to assassinate a waitress, whose unborn son will lead humanity in a war against the machines, while a soldier from that war is sent to protect her at all costs."
0,Dead Poets Society (1989),9 June 1989 (USA),Peter Weir,Robin Williams/Robert Sean Leonard/Ethan Hawke,8.1,"349,180",English teacher John Keating inspires his students to look at poetry with a different perspective of authentic knowledge and feelings.
0,Gandhi (1982),24 March 1983 (Hong Kong),Richard Attenborough,Ben Kingsley/John Gielgud/Rohini Hattangadi,8.1,"202,007","Gandhi's character is fully explained as a man of nonviolence. Through his patience, he is able to drive the British out of the subcontinent. And the stubborn nature of Jinnah and his commitment towards Pakistan is portrayed."
0,Sanjuro (1962),1 January 1962 (Japan),Akira Kurosawa,Toshir? Mifune/Tatsuya Nakadai/Keiju Kobayashi,8.2,"25,561","A crafty samurai helps a young man and his fellow clansmen save his uncle, who has been framed and imprisoned by a corrupt superintendent."
0,La haine (1995),31 May 1995 (France),Mathieu Kassovitz,Vincent Cassel/Hubert Kound¨¦/Sa?d Taghmaoui,8.1,"127,642",24 hours in the lives of three young men in the French suburbs the day after a violent riot.
0,Groundhog Day (1993),9 December 1993 (Hong Kong),Harold Ramis,Bill Murray/Andie MacDowell/Chris Elliott,8.0,"523,592",A weatherman finds himself inexplicably living the same day over and over again.
0,Le notti di Cabiria (1957),16 October 1957 (France),Federico Fellini,Giulietta Masina/Fran?ois P¨¦rier/Franca Marzi,8.1,"37,121",A waifish prostitute wanders the streets of Rome looking for true love but finds only heartbreak.
0,The Wizard of Oz (1939),6 February 1947 (Hong Kong),Victor Fleming/George Cukor/3 more credits,Judy Garland/Frank Morgan/Ray Bolger,8.0,"341,031",Dorothy Gale is swept away from a farm in Kansas to a magical land of Oz in a tornado and embarks on a quest with her new friends to see the Wizard who can help her return home to Kansas and help her friends as well.
0,Blade Runner 2049 (2017),27 October 2017 (China),Denis Villeneuve,Harrison Ford/Ryan Gosling/Ana de Armas,8.0,"341,987","A young blade runner's discovery of a long-buried secret leads him to track down former blade runner Rick Deckard, who's been missing for thirty years."
0,La La Land (2016),14 February 2017 (China),Damien Chazelle,Ryan Gosling/Emma Stone/Rosemarie DeWitt,8.1,"401,397","While navigating their careers in Los Angeles, a pianist and an actress fall in love while attempting to reconcile their aspirations for the future."
0,Jaws (1975),20 November 1975 (Hong Kong),Steven Spielberg,Roy Scheider/Robert Shaw/Richard Dreyfuss,8.0,"493,526","When a killer shark unleashes chaos on a beach resort, it's up to a local sheriff, a marine biologist, and an old seafarer to hunt the beast down."
0,The Help (2011),22 September 2011 (Hong Kong),Tate Taylor,Emma Stone/Viola Davis/Octavia Spencer,8.1,"379,936","An aspiring author during the civil rights movement of the 1960s decides to write a book detailing the African American maids' point of view on the white families for which they work, and the hardships they go through on a daily basis."
0,Faa yeung nin wa (2000),29 September 2000 (Hong Kong),Kar-Wai Wong,Tony Chiu-Wai Leung/Maggie Cheung/Ping Lam Siu,8.1,"100,504","Two neighbors, a woman and a man, form a strong bond after both suspect extramarital activities of their spouses. However, they agree to keep their bond platonic so as not to commit similar wrongs."
0,Paper Moon (1973),9 May 1973 (USA),Peter Bogdanovich,Ryan O'Neal/Tatum O'Neal/Madeline Kahn,8.1,"35,944","During the Great Depression, a con man finds himself saddled with a young girl who may or may not be his daughter, and the two forge an unlikely partnership."
0,Gangs of Wasseypur (2012),2 August 2012 (Singapore),Anurag Kashyap,Manoj Bajpayee/Richa Chadha/Nawazuddin Siddiqui,8.2,"65,516","A clash between Sultan and Shahid Khan leads to the expulsion of Khan from Wasseypur, and ignites a deadly blood feud spanning three generations."
0,Mandariinid (2013),17 October 2013 (Georgia),Zaza Urushadze,Lembit Ulfsak/Elmo N¨¹ganen/Giorgi Nakashidze,8.2,"30,673","War in Georgia, Apkhazeti region in 1990. An Estonian man Ivo has stayed behind to harvest his crops of tangerines. In a bloody conflict at his door, a wounded man is left behind, and Ivo is forced to take him in."
0,Before Sunset (2004),14 October 2004 (Hong Kong),Richard Linklater,Ethan Hawke/Julie Delpy/Vernon Dobtcheff,8.1,"200,006","Nine years after Jesse and Celine first met, they encounter each other again on the French leg of Jesse's book tour."
0,"Paris, Texas (1984)",23 August 1984 (UK),Wim Wenders,Harry Dean Stanton/Nastassja Kinski/Dean Stockwell,8.1,"70,252","Travis Henderson, an aimless drifter who has been missing for four years, wanders out of the desert and must reconnect with society, himself, his life, and his family."
0,Ah-ga-ssi (2016),30 June 2016 (Hong Kong),Chan-wook Park,Min-hee Kim/Jung-woo Ha/Jin-Woong Cho,8.1,"68,890","A woman is hired as a handmaiden to a Japanese heiress, but secretly she is involved in a plot to defraud her."
0,Guardians of the Galaxy (2014),10 October 2014 (China),James Gunn,Chris Pratt/Vin Diesel/Bradley Cooper,8.1,"884,981",A group of intergalactic criminals are forced to work together to stop a fanatical warrior from taking control of the universe.
0,The Best Years of Our Lives (1946),18 December 1947 (Hong Kong),William Wyler,Myrna Loy/Dana Andrews/Fredric March,8.1,"51,551",Three World War II veterans return home to small-town America to discover that they and their families have been irreparably changed.
0,The Bourne Ultimatum (2007),15 November 2007 (China),Paul Greengrass,Matt Damon/Edgar Ram¨ªrez/Joan Allen,8.0,"570,355",Jason Bourne dodges a ruthless C.I.A. official and his Agents from a new assassination program while searching for the origins of his life as a trained killer.
0,PK (2014),22 May 2015 (China),Rajkumar Hirani,Aamir Khan/Anushka Sharma/Sanjay Dutt,8.2,"129,647",An alien on Earth loses the only device he can use to communicate with his spaceship. His innocent nature and child-like questions force the country to evaluate the impact of religion on its people.
0,Pirates of the Caribbean: The Curse of the Black Pearl (2003),21 August 2003 (Hong Kong),Gore Verbinski,Johnny Depp/Geoffrey Rush/Orlando Bloom,8.0,"938,512","Blacksmith Will Turner teams up with eccentric pirate ""Captain"" Jack Sparrow to save his love, the governor's daughter, from Jack's former pirate allies, who are now undead."
0,Tenk? no shiro Rapyuta (1986),1992 (China),Hayao Miyazaki,Anna Paquin/James Van Der Beek/Cloris Leachman,8.1,"121,804",A young boy and a girl with a magic crystal must race against pirates and foreign agents in a search for a legendary floating castle.
0,"Swades: We, the People (2004)",17 December 2004 (India),Ashutosh Gowariker,Shah Rukh Khan/Gayatri Joshi/Kishori Ballal,8.3,"71,886",A successful Indian scientist returns to an Indian village to take his nanny to America with him and in the process rediscovers his roots.
